{
  "type": "flying",
  // 种类
  "name": "熔融",
  // 名称
  "description": "保卫高温核心,使用弱效航炮攻击敌人,并且使用维修吊舱修复友军",
  // 描述
  "speed": 7,
  // 速度
  "flying": true,
  // 能否飞行
  "engineOffset": 4,
  // 发动机偏移
  "engineSize": 2,
  // 发动机大小
  "hitSize": 6,
  // 被击中大小
  "targetAir": true,
  // 是否能攻击空中单位
  "targetGround": true,
  // 是否能攻击地面单位
  "targetHealing": true,
  // 是否能治疗单位
  "health": 500,
  // 生命值
  "armor": 5,
  // 装甲
  "mineSpeed": 9,
  // 挖矿速度
  "mineTier": 5,
  // 挖矿等级
  "buildSpeed": 1,
  // 构建速度
  "rotateSpeed": 40,
  // 转速
  "itemCapacity": 30,
  // 容量
  "range": 40
  "parts":[{
    "type":"HoverPart",
    "mirror":true,
    //是否镜像显示
    "x":4,
    "y":4,
    //起始位置
    "radius":6,
    //半径
    "phase":90,
    //相位
    "stroke":3,
    //粗细
    "layerOffset":-0.001,
    //图层偏移使其位于单位下方
    "color":"FFD37FFF",
  },
    {
      "type":"HoverPart",
      "mirror":true,
      //是否镜像显示
      "x":4,
      "y":-4,
      //起始位置
      "radius":6,
      "phase":90,
      "stroke":3,
      "layerOffset":-0.001,
      "color":"FFD37FFF",
    }]

  "weapons": [{
    "x": 0,
    // 位置 x 坐标
    "y": 3,
    // 位置 y 坐标
    "mirror":false,
    // 是否镜像
    "reload": 4,
    // 装弹速度
    "rotate": false,
    // 是否旋转

    "bullet": {
      "type": "BasicBulletType",
      // 子弹类型
      "damage": 5,
      // 伤害
      "frontColor": "FFD37FFF",
      // 正面颜色
      "backColor": "FFD37FFF",
      // 背景色
      "width": 2,
      // 宽度
      "height": 15,
      // 长度
      "speed": 5,
      // 速度
      "lifetime": 40,
      // 寿命，单位：帧
      "buildingDamageMultiplier": 0.1,
      // 对建筑物伤害乘数
      "homingPower": 0.0,
      // 追踪力度
      "homingRange": 0
      // 追踪范围
      "healPercent": 10,
      // 治疗百分比
      "collidesGround": true,
      // 是否与地面碰撞
      "collidesAir": true,
      // 是否与空中单位碰撞
      "collidesTeam": true,
      // 是否与队伍碰撞
      "targetUnits": true,
      // 是否能攻击单位
      "targetBuildings": true,
      // 是否能攻击建筑
    }
  },
    {
      "type": "RepairBeamWeapon",
      //修复友军
      "x": 3,
      // 位置 x 坐标
      "y": 2,
      // 位置 y 坐标
      "mirror":true,
      // 是否镜像
      "rotate": true,
      // 是否旋转
      "repairSpeed":0.75
      //修复速度
      "bullet": {
        "type":"BulletType",
        "maxRange" :120,
      }
    }]
}