{
  "type": "flying",
  // 种类
  "name": "风吹",
  // 名称
  "description": "向敌人扫射压制子弹",
  // 描述
  "speed": 4,
  // 速度
  "flying": true,
  // 能否飞行
  "engineOffset": 8,
  // 发动机偏移
  "engineSize": 4,
  // 发动机大小
  "hitSize": 19,
  // 被击中大小
  "targetAir": true,
  // 是否能攻击空中单位
  "targetGround": true,
  // 是否能攻击地面单位
  "targetHealing": false,
  // 是否能治疗单位
  "health": 2000,
  // 生命值
  "armor": 5,
  // 装甲
  "rotateSpeed": 10,
  // 转速
  "itemCapacity": 30,
  // 容量

  "weapons": [{
    "x": 3,
    // 位置 x 坐标
    "y": -6,
    "name": "-武器"
    // 位置 y 坐标
    "mirror":true,
    // 是否镜像
    "reload": 4,
    // 装弹速度
    "rotate": true,
    // 是否旋转

    "bullet": {
      "type": "BasicBulletType",
      // 子弹类型
      "damage": 20,
      // 伤害
      "frontColor": "FFD37FFF",
      // 正面颜色
      "backColor": "FFD37FFF",
      // 背景色
      "width": 2,
      // 宽度
      "height": 15,
      // 长度
      "speed": 5,
      // 速度
      "lifetime": 50,
      // 寿命，单位：帧
      "collidesGround": true,
      // 是否与地面碰撞
      "collidesAir": true,
      // 是否与空中单位碰撞
      "targetUnits": true,
      // 是否能攻击单位
      "targetBuildings": true,
      // 是否能攻击建筑
    }
  }]
}