{
	"type": "Junction",//类型
	"size":1,//平方大小
	"category": "distribution",//菜单栏
	"name": "管道交叉器",//名字
	"description": "两条管道交叉的桥梁",//介绍
    "details":"很神奇的东西"
	"research": "管道路由器"//前置科技树
	"alwaysUnlocked":true,//科技树默认解锁
	"health":100//血量
	//"regionRotated":1,//区域旋转
	"solid":false,//实体
	"requirements": [//建造消耗
		{ "item":"铱","amount":2}
			],
	"speed": 0.01,//运输速度
	"displayedSpeed":200,//显示速度
}