{
	"type": "ItemBridge",//类型,带桥
	"size":1,//平方大小
	"range":10,//范围
	"category": "distribution",//菜单栏
	"name": "管道桥",//名字
	"description": "跨越地形运输物品",//介绍
    "details":"我很长的"
	"research": "管道路由器"//前置科技树
	"alwaysUnlocked":false,//科技树默认解锁
	"health":100//血量
	"hasPower": false,
	"itemCapacity":10,
	"arrowSpacing":6,
    "bufferCapacity":14,
	"requirements": [//建造消耗
		{ "item":"铱","amount":2},
		],
	"transportTime": 0.05,//运输速度
	"displayedSpeed":100,//显示速度
}