{
  "name":"银",
  //名字
  "description":"用作电力相关设施和基础金属",
  //介绍
  "details":"银，低强度金属，导电性和导热性优秀\n可用作电力设施和催化反应",
  "color":"C0C0C0FF",
  "explosiveness":0,
  //爆炸性
  "flammability":0,
  //易燃性
  "radioactivity":0,
  //放射性
  "hardness":1,
  //开采硬度
  "cost":0.7,
  //当建筑材料中每增加一个此物品时所增加的建造时间
  "alwaysUnlocked":false,
  "research": {
    "parent" :"铱",
    "planet" :"加利尼亚",
  }
}