{
  "type": "ItemTurret",
  "name": "单管",
  "description": "使用单个枪管向敌人射击",
  "size": 1,
  "health": 500,
  "ammoPerShot": 1,
  // 每次攻击消耗弹药数量
  "range": 160,
  // 索敌
  "reload": 30,
  // 攻击速度（每多少帧射击一次）(一秒60帧)
  "category": "turret",
  //是炮塔
  "maxAmmo": 20,
  // 最大弹药量
  "recoil": 4,
  // 后坐力
  "inaccuracy": 1,
  // 误差(度）
  "consumes": {
    "coolant": {
      "amount": 0.1,
      "optional": true
    }
  },
  // 消耗
  "ammoUseEffect": "shootSmallSmoke",
  // 开火特效
  "rotateSpeed": 1.6,
  // 旋转速度
  "maxAmmo": 30,
  // 最大弹药
  "targetAir": true,
  // 索敌天空
  "targetGround": true,
  // 索敌地面
  "ammoPerShot": 1,
  //每发子弹需要的弹药
  "coolantMultiplier": 7,
  // 液体加速倍率
  "heatColor": "#FF0000",
  // 热量颜色
  "shoot": {
    "shots": 1,
    // 一次射多少发
    "shotDelay": 120,
    // 间隔
    "type": "ShootAlternate",
    "barrels": 1,
    // 枪管数量
    "spread": 1 // 枪管之间的距离
  },
  "ammoTypes": {
    "铱": {
      "pierceCap": 5,
      // 穿透
      "shots": 2,
      "reloadMultiplier": 1,
      // 射击速率
      "speed": 6,
      // 子弹速度（输入数字×8）
      "damage": 35,
      // 伤害
      "knockback": 0.1,
      // 击退
      "lifetime": 160,
      // 弹药存在时间（帧）
      "width": 2,
      // 子弹宽度
      "height": 2,
      // 子弹长度
      "ammoMultiplier": 1,
      // 装填倍数
      "shootEffect": "shootSmall",
      // 特效
      "trailLength": 4,
      // 尾迹长度: 任何 <= 0 的值都将禁用尾迹。
      "trailWidth": 2,
      // 尾迹宽度
      "trailColor": "AFAFAFFF" // 尾迹颜色
    }
  },
  "requirements": [{
    "item": "铱",
    "amount": 50
  }],
  "research": {
    "parent": "高温核心",
    "planet": "深暗之地-加利尼亚"
  }
}