{
  "type": "ItemTurret",
  "name": "彗星",
  "description": "向空中敌人发射高射炮弹",
  "size": 3,
  "health": 1000,
  "ammoPerShot": 1,
  // 每次攻击消耗弹药数量
  "range": 420,
  // 索敌距离
  "reload": 40,
  // 攻击速度（每多少帧射击一次）(一秒60帧)
  "category": "turret",
  // 类型
  "recoil": 4,
  // 后坐力
  "inaccuracy": 1,
  // 误差（度）
  "consumes": {
    "coolant": {
      "amount": 0.1,
      "optional": true
    }
  },
  "shootEffect": "shootSmallSmoke",
  // 开火特效
  "rotatespeed": 4,
  // 旋转速度
  "maxAmmo": 30,
  // 最大弹药
  "targetAir": true,
  // 索敌天空
  "targetGround": false,
  // 索敌地面
  "coolantMultiplier": 7,
  // 液体加速倍率
  "heatColor": "#d3e1e3a0",
  //过热颜色
  "drawer": {
    "type":"DrawTurret",
    "parts":[{
      "type":"RegionPart",
      "mirror":false,
      //是否开启镜像
      "x":0,
      "y":0,
      //初始位置
      "suffix":"-炮盾"//,贴图后缀
      "layer":50,
      //层，49-110
      "moveX":0,
      //改变位置
      "moveY":-5
    }]
  },
  "shoot": {
    "shots": 2,
    // 一次射多少发
    "type": "ShootAlternate",
    "spread": 10 // 散射
  },
  "ammoTypes": {
    "铱": {
      // 消耗的弹药类型为铱
      "reloadMultiplier": 1,
      // 射击速率
      "speed": 15,
      // 子弹速度（输入数字×8）
      "damage": 10,
      // 伤害
      "splashDamage": 45,
      // 溅射伤害
      "splashDamageRadius": 16,
      // 溅射范围半径
      "lifetime": 32,
      // 弹药存在时间（帧）
      "width": 2,
      // 子弹宽度
      "height": 2,
      // 子弹长度
      "ammoMultiplier": 4,
      // 装填倍数
      "shootEffect": "shootSmall",
      // 射击特效
      "trailEffect": "disperseTrail",
      // 尾迹特效
      "trailChance": 1,
      "trailRotation": true,
      "trailLength": 4,
      // 尾迹长度：任何 <= 0 的值都将禁用尾迹
      "trailWidth": 2,
      // 尾迹宽度
      "trailColor": "AFAFAFFF" // 尾迹颜色
    }
  },
  "requirements": [{
    "item": "铱",
    "amount": 50
  }],
  "category": "turret",
  // 类型
  "research": {
    "parent": "单管",
    "planet": "深暗之地-加利尼亚"
  }
}