{
  "type": "ItemTurret",
  "name": "横扫",
  "description": "向前方扇形区域发射穿透霰弹",
  "health": 2000,
  "category": "turret",
  // 是炮塔
  "alwaysUnlocked": false,
  // 科技树默认解锁？
  "size": 3,
  // 大小
  "reload": 30,
  // 发射间隔
  "range": 250,
  // 射程
  "maxAmmo": 20,
  // 最大弹药量
  "recoilTime": 20,
  // 弹药回弹时间
  "recoil": 3,
  // 后坐力
  "cooldownTime": 30,
  // 冷却时间
  "shoot": {
    "type": "ShootSpread",
    // 射击类型
    "shots": 30,
    // 一次射击数量
    "spread": 1 // 散布度
  },
  "consumes": {
    "coolant": {
      "amount": 0.1,
      "optional": true
    }
  },
  "xRand": 1.6,
  // X轴随机
  "ammoPerShot": 3,
  // 每次射击弹药消耗
  "targetGround": true,
  // 可以攻击地面单位
  "targetAir": true,
  // 可以攻击空中单位
  "shake": 3,
  // 摇晃
  "shootCone": 10,
  // 射击锥度
  "velocityRnd": "0.15",
  // 速度随机
  "ammoUseEffect": "casing3Double",
  // 弹药使用效果
  "inaccuracy": 20,
  // 不精确度
  "rotateSpeed": 12,
  // 旋转速度
  "ammoTypes": {
    "铱": {
      "speed": 7,
      // 速度
      "damage": 30,
      // 伤害
      "lifetime": 30,
      // 存在时间
      "width": 4,
      // 宽度
      "height": 6,
      // 高度
      "makeFire": false,
      // 是否产生火焰
      "ammoMultiplier": 4,
      // 弹药倍数
      "pierceCap": 15,
      // 穿透
      "knockback": 3,
      // 击退
      "shootEffect": "shootBig",
      // 射击效果
      "sprite": "circle",
      // 精灵
      "shrinkY": 0,
      // Y轴收缩
      "trailColor": "6974C4FF",
      // 尾迹颜色
      "frontColor": "7A93E2FF",
      // 前景颜色
      "trailLength": 7,
      // 尾迹长度
      "trailWidth": 4,
      // 尾迹宽度
      "pierce": true,
      // 穿透
      "pierceArmor": true,
      // 穿甲
      "status": "折刃" // 状态
    }
  },
  "researchCostMultiplier": 0.5,
  // 研究成本倍数
  "requirements": [// 制造需求
    {
      "item": "铱",
      "amount": 25
    }]
  "research": {
    "parent": "单管",
    "planet": "深暗之地-加利尼亚"
  }
}