{
  "type": "ItemTurret",
  // 类型:消耗物品的炮塔
  "name": "溢能",
  // 名字
  "description": "向敌人发射穿透击退炮弹",
  // 介绍
  "size": 3,
  // 物品面积
  "health": 1000,
  // 建筑血量
  "ammoPerShot": 1,
  // 每次攻击消耗弹药数量
 // "outlineIcon":false,//图标描边
  "range": 280,
  // 索敌
  "reload": 120,
  // 攻击速度（每多少帧射击一次）(一秒60帧)
  "trailLength": 4,
  // 尾迹长度: 任何 <= 0 的值都将禁用尾迹。
  "trailWidth": 2,
  // 尾迹宽度
  "trailColor": "6BD683FF",
  // 尾迹颜色
  "category": "turret",
  "recoil": 4,
  // 后坐力
  "inaccuracy": 1,
  // 误差(度）
  "consumes": {
    "coolant": {
      "amount": 0.1,
      "optional": true
    }
  },
  // 消耗
  "ammoUseEffect": "shootSmallSmoke",
  // 开火特效
  "rotateSpeed": 1.6,
  // 旋转速度
  "maxAmmo": 30,
  // 最大弹药
  "targetAir": false,
  // 索敌天空
  "targetGround": true,
  // 索敌地面
  "coolantMultiplier": 7,
  // 液体加速倍率
  "heatColor": "#FF0000",
  // 热量颜色
  "shoot": {
    "shots": 1,
    // 一次射多少发
    "shotDelay": 120,
    // 间隔
    "type": "ShootAlternate",
    "barrels": 1,
    // 枪管数量
    "spread": 1 // 枪管之间的距离
  },
  "ammoTypes": {
    "银": {
      "pierceCap": 8,
      // 穿透
      "shots": 1,
      "reloadMultiplier": 1,
      // 射击速率
      "speed": 5,
      // 子弹速度（输入数字×8）
      "damage": 42,
      // 伤害
      "knockback": 2,
      // 击退
      "lifetime": 180,
      // 弹药存在时间（帧）
      "width": 8,
      // 子弹宽度
      "height": 10,
      // 子弹长度
      "ammoMultiplier": 1,
      // 装填倍数
      "shootEffect": "shootSmall" // 特效
    },
    "铱": {
      "pierceCap": 10,
      // 穿透
      "shots": 2,
      "reloadMultiplier": 1,
      // 射击速率
      "speed": 6,
      // 子弹速度（输入数字×8）
      "damage": 35,
      // 伤害
      "knockback": 1,
      // 击退
      "lifetime": 160,
      // 弹药存在时间（帧）
      "width": 2,
      // 子弹宽度
      "height": 2,
      // 子弹长度
      "ammoMultiplier": 1,
      // 装填倍数
      "shootEffect": "shootSmall",
      // 特效
      "trailLength": 4,
      // 尾迹长度: 任何 <= 0 的值都将禁用尾迹。
      "trailWidth": 2,
      // 尾迹宽度
      "trailColor": "AFAFAFFF" // 尾迹颜色
    }
  },
  "requirements": [{
    "item": "铱",
    "amount": 50
  }],
  "category": "turret",
  // 类型
  "research": {
    "parent": "单管",
    "planet": "深暗之地-加利尼亚"
  }
}