{
  "type": "ItemTurret",
  // 类型: 消耗物品的炮塔
  "name": "雷暴",
  // 名字
  "description": "向敌人发射双发感电穿透子弹",
  // 介绍
  "size": 4,
  // 物品面积
  "health": 5000,
  // 建筑血量
  "ammoPerShot": 1,
  // 每次攻击消耗弹药数量
  "range": 400,
  // 索敌距离
  "reload": 60,
  // 攻击速度（每多少帧射击一次）(一秒60帧)
  "category": "turret",
  // 类型
  "recoil": 4,
  // 后坐力
  "inaccuracy": 1,
  "drawer": {
    "type":"DrawTurret",
    "parts":[{
      "type":"RegionPart",
      "mirror":false,
      //是否开启镜像
      "x":0,
      "y":0,
      //初始位置
      "suffix":"-右炮管"//,贴图后缀
      "layer":50,
      //层，49-110
      "moveX":4,
      //改变位置
      "moveY":0
    }
      {
        "type":"RegionPart",
        "mirror":false,
        //是否开启镜像
        "x":0,
        "y":0,
        //初始位置
        "suffix":"-左炮管"//,贴图后缀
        "layer":50,
        //层，49-110
        "moveX":-4,
        //改变位置
        "moveY":0,
      }
      {
        "type":"ShapePart",
        //形状块
        "circle" : true,
        //是圆形
        "hollow" : true,
        //空心
        "stroke" : 0,
        //粗细
        "strokeTo": 2,
        //粗细
        "radius" :5,
        //半径
        "x":0,
        "y":-8,
        "layer":110
        "color": "#FEE761FF",
      }
      {
        "type":"HaloPart",
        "hollow":true,
        "shapes":7,
        //数量
        "tri":true,
        "triLength":0
        "triLengthTo":4
        //三角形
        "haloRotateSpeed":2.5,
        //旋转速度
        "stroke": 0,
        "strokeTo":2,
        //粗细
        "radius" :4,
        "x":0,
        "y":-8,
        "haloRadius" : 4
        "layer":110
        "color": "#FEE761FF",
        // "operation": {
        //  "type":"warmup",
        //   "delay": {
        //     "amount": 0.25//开火时出现
        //   },
        // },
      },
      {
        "type":"HaloPart"
        "color" :"#FEE761FF"
        "y":-8,
        "hollow":true,
        "shapes" : 2,
        "haloRotation" : 90,
        "triLength" : 0,
        "triLengthTo" : 15
        "haloRadius" : 10
        "stroke": 0,
        "strokeTo":1,
        "tri" : true,
        "radius" : 4
        "layer":110
      }
      {
        "type":"HaloPart"
        "hollow":true,
        "shapes":3,
        //数量
        "tri":true,
        "triLength":0
        "triLengthTo":7
        //三角形
        "haloRotateSpeed":1.5,
        //旋转速度
        "stroke":0,
        "strokeTo": 2,
        "radius" :4
        "x":0
        "y":-8
        "layer":110
        "haloRadius" : 8
        "color": "#FEE761FF"
      }]
  },
  // 误差（度）
  "consumes": {
    "coolant": {
      "amount": 0.1,
      "optional": true
    }
  },
  "shoot": {
    "shots": 2,
    // 一次射击发射几发
    "type": "ShootAlternate",
    "barrels": 2,
    // 枪管数量
    "spread": 16 // 枪管之间的距离
  },
  "shootEffect": "shootSmokeSmite",
  // 开火特效
  "rotatespeed": 1.6,
  // 旋转速度
  "maxAmmo": 30,
  // 最大弹药
  "targetAir": true,
  // 索敌天空
  "targetGround": true,
  // 索敌地面
  "coolantMultiplier": 7,
  // 液体加速倍率
  "heatColor": "#FF0000",
  "ammoTypes": {
    "铱": {
      "type" : "ArmorReductionBulletType"
      "ard" : 2
      "pierceCap": 10,
      // 穿透
      "reloadMultiplier": 1,
      // 射击速率
      "speed": 12,
      // 子弹速度（输入数字×8）
      "damage": 200,
      // 伤害
      "knockback": 1,
      // 击退
      "lifetime": 160,
      // 弹药存在时间（帧）
      "width": 6,
      // 子弹宽度
      "height": 10,
      // 子弹长度
      "ammoMultiplier": 1,
      // 装填倍数
      "trailLength": 8,
      // 尾迹长度：任何 <= 0 的值都将禁用尾迹
      "trailEffect": "disperseTrail",
      // 尾迹特效
      "trailChance": 1,
      "trailRotation": true,
      "trailWidth": 3,
      // 尾迹宽度
      "pierce": true,
      "pierceArmor": true,
      // 穿甲
      "trailColor": "CB8EBFFF",
      // 尾迹颜色
      "bulletInterval": 20,
      //子弹发射间隔，单位帧
      "intervalBullets":5,
      //发射数量
      "intervalAngle": 60,
      //间隔角度
      "intervalSpread": 60,
      //间隔扩散
      "intervalRandomSpread": 300,
      //间隔随机扩散
      "intervalBullet": {
        "type": "LightningBulletType",
        //间隔子弹的类型
        //闪电
        // 放电
        "damage": 45,
        "lightningLengthRand": 1,
        "lifetime": 60,
        "lightningColor": "CB8EBFFF",
        "pierceArmor": true
      },
    }
  },
  "requirements": [{
    "item": "铱",
    "amount": 50
  }],
  "category": "turret",
  // 类型
  "research": {
    "parent": "横扫",
    "planet": "深暗之地-加利尼亚",
  }
}